{
  "chars_per_sec": 2.5650015038007865,
  "trained_at": "2025-10-21T11:52:48.920692",
  "total_samples": 8
}