{"mean": [101.25000000031044, 103.71666666679084, 88.70000000018626, 113.9666666664804, 137.5333333335196, 86.26666666691501, 86.41666666666667, 101.75000000031044, 90.26666666660458, 108.6500000000621, 98.88333333283663, 102.2999999995033, 103.03333333320916, 128.9333333329608, 86.70000000018626, 117.3499999999379, 94.35000000024836, 115.44999999987583, 101.7833333335196, 222.64999999975166, 172.66666666666666, 148.5666666670392, 261.483333333085, 218.51666666660458, 205.0833333330229, 170.36666666685292, 129.4499999998758, 202.20000000049671, 396.266666666915, 207.6166666665425, 190.8333333330229, 162.51666666691503, 160.76666666660458, 240.1166666665425, 413.6000000002484, 171.74999999968955, 300.54999999981374, 103.54210526316444, 20.0087166020929, 70.96666666679084, 144.48333333339542, 100.98333333339542, 220.83333333331606, 130.972144261258, 106.04999999981374, 684.2833333332092, 196.7583333333023, 4076.783333333209, 214.56754385964257, 19.0], "std": [14.399392348283573, 4.038736050814921, 13.479614238146846, 13.182648527834846, 10.40747594494831, 9.2031999269311, 10.878942453295434, 22.010963177313535, 15.61149861102324, 11.308072337934373, 15.782206929285662, 8.19837382216855, 14.946757359088908, 12.865284899729076, 15.9557722052035, 12.163983723182564, 5.501136246188669, 33.00932948947137, 20.919959900567783, 17.964200510779598, 32.45600441002095, 67.69516641171663, 96.50586194068619, 81.3668936900157, 12.645080290392736, 64.21219164277264, 23.569241962011326, 40.23771033868916, 335.0878276249385, 38.77857727567387, 24.234044005784895, 33.60131032510586, 41.34366806297551, 223.8028478867043, 227.4520169177908, 76.29302611241788, 127.18112739966958, 3.8848867856164286, 3.0548410804834716, 7.770170883419375, 8.672834343452195, 6.399848088111234, 29.8674306835723, 52.91997918708071, 15.174951948942963, 262.70550950158264, 27.846564968198457, 525.7983023194599, 27.673594858918943, 1.0]}